date, totvol
2012013122, 33835
2012013123, 1090096
2012020100, 1096715
2012020101, 1145446
2012020102, 1114102
2012020103, 1027412
2012020104, 1046037
2012020105, 940793
2012020106, 785880
2012020107, 696293
2012020108, 666835
2012020109, 687941
2012020110, 769566
2012020111, 905659
2012020112, 1119940
2012020113, 1212759
2012020114, 993164
2012020115, 990329
2012020116, 1085547
2012020117, 1051261
2012020118, 1127733
2012020119, 1141878
2012020120, 1097474
2012020121, 1040608
2012020122, 903188
2012020123, 952467
2012020200, 988441
2012020201, 937581
2012020202, 981434
2012020203, 1021829
2012020204, 1009722
2012020205, 883372
2012020206, 792822
2012020207, 701018
2012020208, 680651
2012020209, 687287
2012020210, 751565
2012020211, 899497
2012020212, 1070628
2012020213, 1016752
2012020214, 889350
2012020215, 1259444
2012020216, 1278395
2012020217, 1223053
2012020218, 1145884
2012020219, 1120773
2012020220, 1179298
2012020221, 1088391
2012020222, 1119456
2012020223, 1050549
2012020300, 1077172
2012020301, 1151305
2012020302, 1148777
2012020303, 1067962
2012020304, 1068003
2012020305, 964687
2012020306, 828530
2012020307, 741559
2012020308, 712945
2012020309, 743740
2012020310, 797083
2012020311, 951908
2012020312, 1107882
2012020313, 1239747
2012020314, 1381035
2012020315, 1466828
2012020316, 1371268
2012020317, 1258339
2012020318, 1169098
2012020319, 1130107
2012020320, 1162884
2012020321, 1198056
2012020322, 1215369
2012020323, 1230775
2012020400, 1214304
2012020401, 1214222
2012020402, 1237213
2012020403, 1241975
2012020404, 1157928
2012020405, 993246
2012020406, 843950
2012020407, 745846
2012020408, 723912
2012020409, 733411
2012020410, 771761
2012020411, 857648
2012020412, 995186
2012020413, 1161677
2012020414, 1362458
2012020415, 1460771
2012020416, 1441094
2012020417, 1331250
2012020418, 1247913
2012020419, 1165749
2012020420, 1138580
2012020421, 1148832
2012020422, 1139241
2012020423, 1193155
2012020500, 1170048
2012020501, 1195071
2012020502, 1230209
2012020503, 1234433
2012020504, 1187624
2012020505, 1091402
2012020506, 929740
2012020507, 801800
2012020508, 757586
2012020509, 749613
2012020510, 785952
2012020511, 869347
2012020512, 994767
2012020513, 1189120
2012020514, 1336580
2012020515, 1467287
2012020516, 1214550
2012020517, 1380272
2012020518, 1127880
2012020519, 1275608
2012020520, 1285674
2012020521, 1296652
2012020522, 1325097
2012020523, 1522652
2012020600, 1327781
2012020601, 1230665
2012020602, 1439385
2012020603, 1263939
2012020604, 1169283
2012020605, 974102
2012020606, 822856
2012020607, 731521
2012020608, 631547
2012020609, 711929
2012020610, 777571
2012020611, 921436
2012020612, 1106243
2012020613, 1249211
2012020614, 1356343
2012020615, 1420656
2012020616, 1366149
2012020617, 1211821
2012020618, 1194082
2012020619, 1192920
2012020620, 1241495
2012020621, 1319110
2012020622, 1373489
2012020623, 1366599
2012020700, 1302961
2012020701, 1330396
2012020702, 1354960
2012020703, 1348126
2012020704, 1144840
2012020705, 940095
2012020706, 793976
2012020707, 700861
2012020708, 669750
2012020709, 684241
2012020710, 747503
2012020711, 889909
2012020712, 1096869
2012020713, 1288750
2012020714, 1385474
2012020715, 1408220
2012020716, 1324875
2012020717, 1211910
2012020718, 1156836
2012020719, 1156449
2012020720, 1206255
2012020721, 1161966
2012020722, 1338810
2012020723, 1331219
2012020800, 1297811
2012020801, 1324013
2012020802, 1338531
2012020803, 1415759
2012020804, 1360385
2012020805, 1003686
2012020806, 800149
2012020807, 695213
2012020808, 669174
2012020809, 681591
2012020810, 763535
2012020811, 889320
2012020812, 1125179
2012020813, 1238259
2012020814, 1365632
2012020815, 1297974
2012020816, 1335734
2012020817, 1223240
2012020818, 1168429
2012020819, 1197836
2012020820, 530498
2012020821, 1274649
2012020822, 1371460
2012020823, 1383891
2012020900, 1343020
2012020901, 1360400
2012020902, 1381766
2012020903, 1352813
2012020904, 1205485
2012020905, 919173
2012020906, 781750
2012020907, 684835
2012020908, 667276
2012020909, 677166
2012020910, 749280
2012020911, 876714
2012020912, 1081160
2012020913, 1226466
2012020914, 1352486
2012020915, 1404123
2012020916, 1217352
2012020917, 1214013
2012020918, 612398
2012020919, 32596
2012020920, 643784
2012020921, 962338
2012020922, 1291983
2012020923, 1339862
2012021000, 1308553
2012021001, 1303208
2012021002, 1324509
2012021003, 1320392
2012021004, 1119990
2012021005, 914834
2012021006, 434230
2012021007, 51152
2012021008, 8943
2012021009, 243342
2012021010, 764537
2012021011, 927244
2012021012, 1086193
2012021013, 1233707
2012021014, 1321800
2012021015, 1435304
2012021016, 1348309
2012021017, 1244582
2012021018, 1132569
2012021019, 1096040
2012021020, 1146804
2012021021, 1209494
2012021022, 1237564
2012021023, 1243244
2012021100, 1219256
2012021101, 1244745
2012021102, 1221755
2012021103, 1237346
2012021104, 1102149
2012021105, 962717
2012021106, 817732
2012021107, 723899
2012021108, 708526
2012021109, 719161
2012021110, 772015
2012021111, 870464
2012021112, 1047967
2012021113, 1145437
2012021114, 1051000
2012021115, 1100677
2012021116, 1013797
2012021117, 1060536
2012021118, 1115088
2012021119, 1075492
2012021120, 1162537
2012021121, 1136281
2012021122, 1135393
2012021123, 1195010
2012021200, 1195858
2012021201, 1133361
2012021202, 1166833
2012021203, 1098036
2012021204, 1059437
2012021205, 1076360
2012021206, 922603
2012021207, 805339
2012021208, 772093
2012021209, 762723
2012021210, 819350
2012021211, 909312
2012021212, 1024215
2012021213, 1188214
2012021214, 1371435
2012021215, 1192995
2012021216, 1152254
2012021217, 1124700
2012021218, 1089692
2012021222, 19228
2012021223, 1122625
2012021300, 1198839
2012021301, 1143644
2012021302, 1205314
2012021303, 1147207
2012021304, 1120258
2012021305, 992027
2012021306, 824862
2012021307, 711918
2012021308, 672465
2012021309, 693361
2012021310, 764541
2012021311, 938948
2012021312, 1121411
2012021313, 1269458
2012021314, 1408027
2012021315, 1477154
2012021316, 1264036
2012021317, 1216726
2012021318, 1181344
2012021319, 1112661
2012021320, 1218905
2012021321, 1308055
2012021322, 1378776
2012021323, 1387447
2012021400, 1347648
2012021401, 1339069
2012021402, 1257350
2012021403, 1378899
2012021404, 1161947
2012021405, 969864
2012021406, 834633
2012021407, 716908
2012021408, 697689
2012021409, 721510
2012021410, 795391
2012021411, 971453
2012021412, 1185341
2012021413, 1307103
2012021414, 1444914
2012021415, 1480683
2012021416, 1345795
2012021417, 1219573
2012021418, 1150399
2012021419, 1156144
2012021420, 1220154
2012021421, 1284371
2012021422, 1324845
2012021423, 1311349
2012021500, 1246771
2012021501, 1243271
2012021502, 1254970
2012021503, 1232668
2012021504, 1062104
2012021505, 866360
2012021506, 741444
2012021507, 665313
2012021508, 660291
2012021509, 689145
2012021510, 773170
2012021511, 913411
2012021512, 1101562
2012021513, 1243834
2012021514, 1377465
2012021515, 1406179
2012021516, 1299551
2012021517, 1197724
2012021518, 1153899
2012021519, 1174129
2012021520, 1237548
2012021521, 1301146
2012021522, 1334695
2012021523, 1349313
2012021600, 1325180
2012021601, 1365598
2012021602, 1348094
2012021603, 1353318
2012021604, 1178754
2012021605, 926367
2012021606, 779300
2012021607, 683624
2012021608, 667637
2012021609, 692672
2012021610, 769109
2012021611, 927321
2012021612, 1117479
2012021613, 1270275
2012021614, 1302199
2012021615, 1143642
2012021616, 1323974
2012021617, 1214583
2012021618, 1154158
2012021619, 1181439
2012021620, 1242134
2012021621, 1327920
2012021622, 1384896
2012021623, 1366500
2012021700, 1344863
2012021701, 1329689
2012021702, 1350567
2012021703, 1339337
2012021704, 1189958
2012021705, 974617
2012021706, 841963
2012021707, 733235
2012021708, 653159
2012021709, 683535
2012021710, 744016
2012021711, 972412
2012021712, 1128788
2012021713, 1291557
2012021714, 1445147
2012021715, 1506255
2012021716, 1424962
2012021717, 1279113
2012021718, 1172609
2012021719, 1133528
2012021720, 1169645
2012021721, 1193291
2012021722, 1238767
2012021723, 1242474
2012021800, 1214734
2012021801, 1184382
2012021802, 1212529
2012021803, 1216968
2012021804, 1122116
2012021805, 993223
2012021806, 605748
2012021807, 744052
2012021808, 712929
2012021809, 714548
2012021810, 768566
2012021811, 863587
2012021812, 1029027
2012021813, 1188885
2012021814, 1360904
2012021815, 1451020
2012021816, 1410650
2012021817, 1387144
2012021818, 1324317
2012021819, 1238270
2012021820, 1189240
2012021821, 1126334
2012021822, 1120060
2012021823, 1174000
2012021900, 1164080
2012021901, 1170055
2012021902, 1191798
2012021903, 1207517
2012021904, 1159224
2012021905, 1073406
2012021906, 928859
2012021907, 801999
2012021908, 761768
2012021909, 741510
2012021910, 788436
2012021911, 887442
2012021912, 1021709
2012021913, 1176789
2012021914, 1333609
2012021915, 1412787
2012021916, 1335179
2012021917, 1276330
2012021918, 1267782
2012021919, 1220204
2012021920, 1260697
2012021921, 1240779
2012021922, 1290222
2012021923, 1253614
2012022000, 1204245
2012022001, 1235834
2012022002, 1273734
2012022003, 1319355
2012022004, 1207608
2012022005, 1065337
2012022006, 926454
2012022007, 813860
2012022008, 749136
2012022009, 734099
2012022010, 784075
2012022011, 890640
2012022012, 1010661
2012022013, 1187989
2012022014, 1379366
2012022015, 1442523
2012022016, 1424540
2012022017, 1360140
2012022018, 1296428
2012022019, 1269500
2012022020, 1271498
2012022021, 1311668
2012022022, 1340699
2012022023, 1306571
2012022100, 1266210
2012022101, 1349468
2012022102, 1410950
2012022103, 1436773
2012022104, 1288618
2012022105, 1061130
2012022106, 874209
2012022107, 767781
2012022108, 725387
2012022109, 722609
2012022110, 781169
2012022111, 919663
2012022112, 1096443
2012022113, 1257185
2012022114, 1438967
2012022115, 1459040
2012022116, 1388867
2012022117, 1309476
2012022118, 1260228
2012022119, 1279313
2012022120, 1478138
2012022121, 1495783
2012022122, 1419974
2012022123, 1395967
2012022200, 1367836
2012022201, 1444718
2012022202, 1485082
2012022203, 1485980
2012022204, 1297894
2012022205, 1040130
2012022206, 869508
2012022207, 760462
2012022208, 711518
2012022209, 715283
2012022210, 788279
2012022211, 928118
2012022212, 1123126
2012022213, 1321388
2012022214, 1469866
2012022215, 1493600
2012022216, 1415139
2012022217, 1301559
2012022218, 1259424
2012022219, 1235336
2012022220, 1283340
2012022221, 1314561
2012022222, 1401273
2012022223, 1410833
2012022300, 1423850
2012022301, 1449741
2012022302, 1470069
2012022303, 1420410
2012022304, 1276169
2012022305, 1070162
2012022306, 886339
2012022307, 774510
2012022308, 731196
2012022309, 731803
2012022310, 747574
2012022311, 926707
2012022312, 1140119
2012022313, 1292838
2012022314, 1432758
2012022315, 1480911
2012022316, 1399669
2012022317, 1304979
2012022318, 1206514
2012022319, 1192871
2012022320, 1281419
2012022321, 1360790
2012022322, 1448035
2012022323, 1422781
2012022400, 1412128
2012022401, 1438709
2012022402, 1456248
2012022403, 1406806
2012022404, 1251924
2012022405, 1035620
2012022406, 862895
2012022407, 763708
2012022408, 735615
2012022409, 747764
2012022410, 819516
2012022411, 969351
2012022412, 1141127
2012022413, 1325622
2012022414, 1480207
2012022415, 1470016
2012022416, 1517867
2012022417, 1458733
2012022418, 1227389
2012022419, 1174068
2012022420, 1229587
2012022421, 1267014
2012022422, 1316974
2012022423, 1320789
2012022500, 1307076
2012022501, 1343149
2012022502, 1334018
2012022503, 1307576
2012022504, 1307323
2012022505, 1165876
2012022506, 893634
2012022507, 795642
2012022508, 761055
2012022509, 774402
2012022510, 802552
2012022511, 876934
2012022512, 1014070
2012022513, 1192558
2012022514, 1380372
2012022515, 1494718
2012022516, 1468231
2012022517, 1404700
2012022518, 1273856
2012022519, 1218626
2012022520, 1199481
2012022521, 1176028
2012022522, 1203466
2012022523, 1261337
2012022600, 1235289
2012022601, 1291752
2012022602, 1365339
2012022603, 1466607
2012022604, 1308846
2012022605, 1134181
2012022606, 976222
2012022607, 842537
2012022608, 804717
2012022609, 774166
2012022610, 817918
2012022611, 901381
2012022612, 774912
2012022613, 1097155
2012022614, 1430404
2012022615, 1514105
2012022616, 1391876
2012022617, 1326019
2012022618, 1285184
2012022619, 1282410
2012022620, 1336181
2012022621, 1361850
2012022622, 1413700
2012022623, 1398037
2012022700, 1527777
2012022701, 1304508
2012022702, 1272865
2012022703, 1307350
2012022704, 1334274
2012022705, 1031536
2012022706, 858472
2012022707, 756587
2012022708, 701605
2012022709, 725021
2012022710, 774291
2012022711, 922604
2012022712, 1100163
2012022713, 1268518
2012022714, 1364040
2012022715, 1406293
2012022716, 1361180
2012022717, 1266350
2012022718, 1182017
2012022719, 1186959
2012022720, 1261745
2012022721, 1353480
2012022722, 1440143
2012022723, 1453418
2012022800, 1403242
2012022801, 1442070
2012022802, 1320481
2012022803, 1337436
2012022804, 1232557
2012022805, 1015912
2012022806, 812024
2012022807, 858090
2012022808, 1211391
2012022809, 709538
2012022810, 780091
2012022811, 923580
2012022812, 1111031
2012022813, 1250156
2012022814, 1373906
2012022815, 1407129
2012022816, 1363480
2012022817, 1275590
2012022818, 1041822
2012022819, 1199202
2012022820, 1266813
2012022821, 1340874
2012022822, 1433894
2012022823, 1442290
2012022900, 1370222
2012022901, 1422810
2012022902, 1317367
2012022903, 1323790
2012022904, 1252704
2012022905, 1005451
2012022906, 828448
2012022907, 728387
2012022908, 730389
2012022909, 767568
2012022910, 833477
2012022911, 995454
2012022912, 1200049
2012022913, 1338113
2012022914, 235892
2012022915, 30326
2012022916, 38435
2012022917, 38206
2012022918, 36984
2012022919, 37548
2012022920, 34895
2012022921, 43651
2012022922, 57828
2012022923, 168416
2012030100, 944762
2012030101, 1339447
2012030102, 1345822
2012030103, 1374797
2012030104, 1129997
2012030105, 1020015
2012030106, 841417
2012030107, 748868
2012030108, 713660
2012030109, 734299
2012030110, 799879
2012030111, 951362
2012030112, 1153268
2012030113, 1300220
2012030114, 1396119
2012030115, 1445668
2012030116, 1397732
2012030117, 1348392
2012030118, 1205134
2012030119, 1182609
2012030120, 1254042
2012030121, 1361494
2012030122, 1411351
2012030123, 1298451
2012030200, 1286723
2012030201, 1263905
2012030202, 1385125
2012030203, 1208786
2012030204, 1184263
2012030205, 967889
2012030206, 824990
2012030207, 753051
2012030208, 728068
2012030209, 748316
2012030210, 811200
2012030211, 968696
2012030212, 1137842
2012030213, 915226
2012030214, 1332109
2012030215, 1451807
2012030216, 1419748
2012030217, 1301468
2012030218, 1185805
2012030219, 1161194
2012030220, 1228443
2012030221, 1312521
2012030222, 1356721
2012030223, 1353438
2012030300, 1324443
2012030301, 1317769
2012030302, 1357717
2012030303, 1353005
2012030304, 1235990
2012030305, 1062317
2012030306, 876441
2012030307, 767684
2012030308, 745479
2012030309, 764494
2012030310, 816800
2012030311, 900781
2012030312, 1037149
2012030313, 1244376
2012030314, 1407286
2012030315, 1258100
2012030316, 1209530
2012030317, 1243373
2012030318, 1211391
2012030319, 1227732
2012030320, 1206450
2012030321, 1188189
2012030322, 1218615
2012030323, 1279624
2012030400, 1278335
2012030401, 1276495
2012030402, 1294947
2012030403, 1250033
2012030404, 1167752
2012030405, 1151028
2012030406, 978177
2012030407, 855518
2012030408, 809201
2012030409, 798875
2012030410, 833440
2012030411, 922055
2012030412, 1034171
2012030413, 1231962
2012030414, 1435206
2012030415, 1422251
2012030416, 1288603
2012030417, 1446440
2012030418, 1418314
2012030419, 1417515
2012030420, 1360260
2012030421, 1274141
2012030422, 1403304
2012030423, 1240038
2012030500, 1352821
2012030501, 1264051
2012030502, 1365434
2012030503, 1238004
2012030504, 1242629
2012030505, 1019927
2012030506, 875346
2012030507, 760310
2012030508, 721701
2012030509, 738668
2012030510, 796991
2012030511, 955955
2012030512, 1135435
2012030513, 1284519
2012030514, 1411900
2012030515, 1447094
2012030516, 1411451
2012030517, 1310095
2012030518, 1248889
2012030519, 1254727
2012030520, 1230896
2012030521, 1410903
2012030522, 1266953
2012030523, 1301092
2012030600, 1381904
2012030601, 1284898
2012030602, 1313323
2012030603, 1338628
2012030604, 1210133
2012030605, 1002138
2012030606, 857488
2012030607, 762540
2012030608, 714386
2012030609, 724516
2012030610, 780335
2012030611, 935290
2012030612, 1140268
2012030613, 1286309
2012030614, 1414781
2012030615, 1449366
2012030616, 1373985
2012030617, 1290425
2012030618, 1253568
2012030619, 1237886
2012030620, 1364131
2012030621, 1300851
2012030622, 1298043
2012030623, 1312042
2012030700, 1272540
2012030701, 1307468
2012030702, 1336865
2012030703, 1201116
2012030704, 1175718
2012030705, 1004651
2012030706, 866105
2012030707, 786735
2012030708, 725866
2012030709, 744194
2012030710, 830326
2012030711, 966200
2012030712, 1152605
2012030713, 1253455
2012030714, 1229034
2012030715, 1001511
2012030716, 1040765
2012030717, 1046570
2012030718, 1016740
2012030719, 1036725
2012030720, 1053750
2012030721, 971954
2012030722, 919401
2012030723, 996372
2012030800, 935468
2012030801, 945131
2012030802, 946666
2012030803, 991195
2012030804, 1019532
2012030805, 970946
2012030806, 841213
2012030807, 763810
2012030808, 730207
2012030809, 744376
2012030810, 806952
2012030811, 950684
2012030812, 1153949
2012030813, 1307686
2012030814, 1202110
2012030815, 933263
2012030816, 1003068
2012030817, 1035136
2012030818, 1001439
2012030819, 999275
2012030820, 1058518
2012030821, 1032726
2012030822, 977123
2012030823, 213888
2012030900, 350080
2012030901, 877744
2012030902, 971148
2012030903, 946380
2012030904, 922595
2012030905, 928195
2012030906, 854950
2012030907, 776872
2012030908, 746493
2012030909, 758263
2012030910, 817453
2012030911, 979616
2012030912, 1140060
2012030913, 1279166
2012030914, 1088459
2012030915, 1018431
2012030916, 1034716
2012030917, 959269
2012030918, 1006328
2012030919, 951883
2012030920, 909741
2012030921, 926818
2012030922, 963879
2012030923, 971157
2012031000, 1004732
2012031001, 877011
2012031002, 897141
2012031003, 926080
2012031004, 905122
2012031005, 891215
2012031006, 882085
2012031007, 789992
2012031008, 621587
2012031009, 696344
2012031010, 735665
2012031011, 828458
2012031012, 874026
2012031013, 947942
2012031014, 872062
2012031015, 882385
2012031016, 878982
2012031017, 1012422
2012031018, 920287
2012031019, 912211
2012031020, 927480
2012031021, 862275
2012031022, 968741
2012031023, 884021
2012031100, 877791
2012031101, 934231
2012031102, 885800
2012031103, 868453
2012031104, 926695
2012031105, 889717
2012031106, 837859
2012031107, 777911
2012031108, 741054
2012031109, 708679
2012031110, 788038
2012031111, 804266
2012031112, 893794
2012031113, 894548
2012031114, 916942
2012031115, 909382
2012031116, 946010
2012031117, 881188
2012031118, 880733
2012031119, 905253
2012031120, 904329
2012031121, 913621
2012031122, 869475
2012031123, 845407
2012031200, 895903
2012031201, 892759
2012031202, 844851
2012031203, 878255
2012031204, 811569
2012031205, 834857
2012031206, 785367
2012031207, 705320
2012031208, 663660
2012031209, 701569
2012031210, 812633
2012031211, 935392
2012031212, 1037424
2012031213, 1106873
2012031214, 987881
2012031215, 1077814
2012031216, 1053044
2012031217, 971712
2012031218, 967852
2012031219, 291449
2012031220, 25860
2012031221, 26911
2012031222, 25518
2012031223, 27773
2012031300, 27240
2012031301, 26409
2012031302, 27376
2012031303, 25846
2012031304, 25792
2012031305, 22053
2012031306, 22330
2012031307, 19784
2012031308, 18016
2012031309, 18368
2012031310, 21202
2012031311, 21329
2012031312, 25252
2012031313, 24039
2012031314, 26937
2012031315, 26754
2012031316, 24264
2012031317, 27030
2012031318, 27215
2012031319, 24158
2012031320, 993761
2012031321, 1007250
2012031322, 1022217
2012031323, 942571
2012031400, 926135
2012031401, 1004895
2012031402, 938603
2012031403, 939318
2012031404, 959205
2012031405, 955981
2012031406, 834700
2012031407, 737342
2012031408, 710680
2012031409, 778858
2012031410, 869930
2012031411, 1007475
2012031412, 1141758
2012031413, 1172039
2012031414, 1060599
2012031415, 964150
2012031416, 931865
2012031417, 1022706
2012031418, 1007831
2012031419, 934405
2012031420, 852445
2012031421, 919763
2012031422, 901740
2012031423, 868421
2012031500, 871494
2012031501, 866438
2012031502, 824909
2012031503, 850553
2012031504, 830859
2012031505, 808632
2012031506, 820991
2012031507, 737110
2012031508, 717202
2012031509, 745309
2012031510, 839438
2012031511, 994251
2012031512, 952166
2012031513, 1089043
2012031514, 1121830
2012031515, 1026235
2012031516, 981008
2012031517, 917688
2012031518, 946461
2012031519, 961618
2012031520, 901317
2012031521, 816339
2012031522, 888479
2012031523, 749963
2012031600, 794366
2012031601, 796430
2012031602, 775838
2012031603, 766022
2012031604, 785025
2012031605, 741609
2012031606, 836953
2012031607, 790868
2012031608, 748738
2012031609, 769622
2012031610, 872823
2012031611, 1053417
2012031612, 1177234
2012031613, 1193471
2012031614, 995251
2012031615, 1038374
2012031616, 1065839
2012031617, 1073225
2012031618, 1090114
2012031619, 1003531
2012031620, 940978
2012031621, 962813
2012031622, 942152
2012031623, 1012549
2012031700, 916449
2012031701, 932573
2012031702, 966411
2012031703, 1012637
2012031704, 900649
2012031705, 951673
2012031706, 860741
2012031707, 782233
2012031708, 764991
2012031709, 783379
2012031710, 833034
2012031711, 936301
2012031712, 1113945
2012031713, 1086756
2012031714, 1117651
2012031715, 1062254
2012031716, 1096043
2012031717, 1085505
2012031718, 1000853
2012031719, 1101825
2012031720, 1028946
2012031721, 1049824
2012031722, 1102765
2012031723, 1036252
2012031800, 1068124
2012031801, 1046025
2012031802, 999113
2012031803, 965594
2012031804, 900164
2012031805, 1005932
2012031806, 936782
2012031807, 843075
2012031808, 802533
2012031809, 809436
2012031810, 863364
2012031811, 974476
2012031812, 1025653
2012031813, 1047483
2012031814, 915214
2012031815, 1018610
2012031816, 950173
2012031817, 984077
2012031818, 913525
2012031819, 909733
2012031820, 943565
2012031821, 857404
2012031822, 969071
2012031823, 925308
2012031900, 931847
2012031901, 941114
2012031902, 969887
2012031903, 939432
2012031904, 884536
2012031905, 853488
2012031906, 854492
2012031907, 757126
2012031908, 718998
2012031909, 751649
2012031910, 863555
2012031911, 1045325
2012031912, 1187606
2012031913, 1248990
2012031914, 1164665
2012031915, 1081804
2012031916, 1067027
2012031917, 962646
2012031918, 994051
2012031919, 918850
2012031920, 973630
2012031921, 959348
2012031922, 993454
2012031923, 893243
2012032000, 933691
2012032001, 962795
2012032002, 937772
2012032003, 896285
2012032004, 896834
2012032005, 832774
2012032006, 812890
2012032007, 741810
2012032008, 718054
2012032009, 755614
2012032010, 877598
2012032011, 1083641
2012032012, 1210661
2012032013, 1337450
2012032014, 1172315
2012032015, 1005154
2012032016, 1063059
2012032017, 1030883
2012032018, 1006264
2012032019, 992882
2012032020, 934336
2012032021, 911862
2012032022, 971635
2012032023, 898902
2012032100, 943213
2012032101, 890065
2012032102, 884790
2012032103, 914518
2012032104, 825060
2012032105, 926813
2012032106, 821793
2012032107, 748185
2012032108, 724810
2012032109, 770451
2012032110, 888776
2012032111, 1083988
2012032112, 1131840
2012032113, 1057260
2012032114, 968962
2012032115, 1096944
2012032116, 1076618
2012032117, 1017349
2012032118, 911212
2012032119, 997718
2012032120, 1036215
2012032121, 938640
2012032122, 973939
2012032123, 937868
2012032200, 931394
2012032201, 927109
2012032202, 918779
2012032203, 868685
2012032204, 909929
2012032205, 885054
2012032206, 810055
2012032207, 739869
2012032208, 736745
2012032209, 781534
2012032210, 890797
2012032211, 998559
2012032212, 874132
2012032213, 924431
2012032214, 968102
2012032215, 1043043
2012032216, 989241
2012032217, 1098164
2012032218, 1050086
2012032219, 1062236
2012032220, 1106107
2012032221, 1094140
2012032222, 1003854
2012032317, 990641
2012032318, 1121743
2012032319, 1179413
2012032320, 1102060
2012032321, 1143983
2012032322, 1086010
2012032323, 1135117
2012032400, 1053266
2012032401, 1068095
2012032402, 1040122
2012032403, 1129021
2012032404, 1126918
2012032405, 1017179
2012032406, 867506
2012032407, 816192
2012032408, 799596
2012032409, 814088
2012032410, 844990
2012032411, 957254
2012032412, 1151002
2012032413, 1072639
2012032414, 1027585
2012032415, 1086022
2012032416, 1128969
2012032417, 1098104
2012032418, 1151662
2012032419, 1110932
2012032420, 1129836
2012032421, 1144951
2012032422, 1031203
2012032423, 1111878
2012032500, 1109096
2012032501, 1074999
2012032502, 1067612
2012032503, 999652
2012032504, 1048513
2012032505, 1064825
2012032506, 944743
2012032507, 850489
2012032508, 838809
2012032509, 842063
2012032510, 901957
2012032511, 1008710
2012032512, 1142954
2012032513, 1110027
2012032514, 1133062
2012032515, 1103765
2012032516, 1129695
2012032517, 1126586
2012032518, 1071337
2012032519, 1150575
2012032520, 1137885
2012032521, 1075560
2012032522, 1048189
2012032523, 1151693
2012032600, 1130335
2012032601, 1034701
2012032602, 1114935
2012032603, 1102831
2012032604, 1053224
2012032605, 1029533
2012032606, 858932
2012032607, 756858
2012032608, 718142
2012032609, 781711
2012032610, 900355
2012032611, 1080488
2012032612, 1010167
2012032613, 1087504
2012032614, 1088839
2012032615, 1145446
2012032616, 787156
2012032617, 1084589
2012032618, 1178333
2012032619, 1043951
2012032620, 1048378
2012032621, 1062711
2012032622, 1037540
2012032623, 1057645
2012032700, 1094727
2012032701, 1088771
2012032702, 1062348
2012032703, 1033396
2012032704, 1160259
2012032705, 993159
2012032706, 844774
2012032707, 763276
2012032708, 738677
2012032709, 781957
2012032710, 886592
2012032711, 1074012
2012032712, 1125138
2012032713, 1073760
2012032714, 1112576
2012032715, 1129758
2012032716, 1104996
2012032717, 1107601
2012032718, 1177640
2012032719, 1055831
2012032720, 1158655
2012032721, 1162888
2012032722, 1103494
2012032723, 1131411
2012032800, 1131822
2012032801, 1067833
2012032802, 1120356
2012032803, 1117522
2012032804, 1137996
2012032805, 959164
2012032806, 854620
2012032807, 763218
2012032808, 749237
2012032809, 792937
2012032810, 927431
2012032811, 1107138
2012032812, 1131854
2012032813, 1132765
2012032814, 1198250
2012032815, 1158219
2012032816, 1287539
2012032817, 1246358
2012032818, 1205458
2012032819, 1196185
2012032820, 1232130
2012032821, 1247501
2012032822, 1168543
2012032823, 1127736
2012032900, 1170524
2012032901, 1146743
2012032902, 1156333
2012032903, 1091971
2012032904, 1177354
2012032905, 984159
2012032906, 847362
2012032907, 759706
2012032908, 740947
2012032909, 797179
2012032910, 916948
2012032911, 1085339
2012032912, 1120871
2012032913, 1066353
2012032914, 1053192
2012032915, 1117094
2012032916, 1134167
2012032917, 1112847
2012032918, 1150627
2012032919, 1135486
2012032920, 1139471
2012032921, 1087149
2012032922, 1062992
2012032923, 1022889
2012033000, 1011043
2012033001, 1045227
2012033002, 1042932
2012033003, 1059953
2012033004, 1035528
2012033005, 997710
2012033006, 872630
2012033007, 801642
2012033008, 793718
2012033009, 844641
2012033010, 935962
2012033011, 1074443
2012033012, 1026854
2012033013, 962055
2012033014, 1011914
2012033015, 1016397
2012033016, 1049777
2012033017, 988112
2012033018, 1064495
2012033019, 1002966
2012033020, 1005920
2012033021, 1081650
2012033022, 1007353
2012033023, 1037307
2012033100, 1047517
2012033101, 1013203
2012033102, 940717
2012033103, 997785
2012033104, 1020320
2012033105, 966274
2012033106, 908516
2012033107, 838512
2012033108, 822716
2012033109, 835799
2012033110, 881633
2012033111, 986556
2012033112, 1175310
2012033113, 1023290
2012033114, 1046296
2012033115, 977433
2012033116, 1035288
2012033117, 1051546
2012033118, 1021406
2012033119, 956868
2012033120, 979626
2012033121, 960316
2012033122, 927718
2012033123, 921575
2012040100, 940768
2012040101, 883772
2012040102, 953080
2012040103, 936589
2012040104, 950115
2012040105, 990977
2012040106, 980454
2012040107, 901625
2012040108, 836833
2012040109, 857879
2012040110, 907533
2012040111, 992441
2012040112, 1155604
2012040113, 1081044
2012040114, 1055637
2012040115, 1150657
2012040116, 1075197
2012040117, 1123546
2012040118, 1106982
2012040119, 951268
2012040120, 1083157
2012040121, 1033061
2012040122, 1058816
2012040123, 1101148
2012040200, 1022357
2012040201, 1032183
2012040202, 992133
2012040203, 966142
2012040204, 1022739
2012040205, 967574
2012040206, 843460
2012040207, 764927
2012040208, 752668
2012040209, 820119
2012040210, 928476
2012040211, 1047480
2012040212, 1080184
2012040213, 1091168
2012040214, 1052354
2012040215, 1071766
2012040216, 1081033
2012040217, 1136182
2012040218, 1085298
2012040219, 1053492
2012040220, 1056128
2012040221, 1086024
2012040222, 1057161
2012040223, 1063286
2012040300, 1101197
2012040301, 949646
2012040302, 1064169
2012040303, 984981
2012040304, 952359
2012040305, 1016573
2012040306, 955811
2012040307, 864366
2012040308, 849223
2012040309, 910579
2012040310, 987810
2012040311, 1143934
2012040312, 1308864
2012040313, 1457793
2012040314, 1132242
2012040315, 1084441
2012040316, 1172581
2012040317, 1162671
2012040318, 1088068
2012040319, 1153697
2012040320, 1204135
2012040321, 1123391
2012040322, 1108987
2012040323, 1101458
2012040400, 1127926
2012040401, 1179287
2012040402, 1104038
2012040403, 1103076
2012040404, 1069010
2012040405, 1056467
2012040406, 887932
2012040407, 794404
2012040408, 780943
2012040409, 844566
2012040410, 951932
2012040411, 1086839
2012040412, 927432
2012040509, 683843
2012040510, 866688
2012040511, 902497
2012040512, 921983
2012040513, 985062
2012040514, 989097
2012040515, 977360
2012040516, 948843
2012040517, 1012139
2012040518, 974498
2012040519, 182435
2012040520, 26935
2012040521, 26167
2012040522, 23949
2012040523, 25497
2012040600, 26058
2012040601, 23767
2012040602, 26386
2012040603, 26309
2012040604, 23540
2012040605, 23278
2012040606, 22957
2012040607, 22389
2012040608, 21424
2012040609, 20914
2012040610, 21479
2012040611, 796726
2012040612, 873866
2012040613, 856718
2012040614, 731019
2012040615, 30105
2012040616, 26605
2012040617, 33486
2012040618, 27465
2012040619, 24904
2012040620, 23791
2012040621, 29707
2012040622, 23958
2012040623, 24575
2012040700, 24340
2012040701, 25127
2012040702, 23792
2012040703, 201502
2012040704, 855425
2012040705, 853295
2012040706, 810578
2012040707, 382535
2012040708, 702706
2012040709, 782957
2012040710, 806090
2012040711, 812336
2012040712, 836094
2012040713, 836750
2012040714, 826323
2012040715, 926643
2012040716, 623603
2012040717, 26834
2012040718, 25312
2012040719, 23812
2012040720, 24357
2012040721, 26491
2012040722, 24236
2012040723, 24740
2012040800, 25681
2012040801, 23867
2012040802, 26867
2012040803, 29467
2012040804, 23665
2012040805, 24442
2012040806, 79306
2012040807, 784599
2012040808, 800188
2012040809, 62884
2012040810, 296744
2012040811, 21659
2012040812, 23726
2012040813, 23668
2012040814, 27655
2012040815, 26574
2012040816, 27989
2012040817, 431947
2012040818, 949459
2012040819, 1001697
2012040820, 146962
2012040821, 783234
2012040822, 918380
2012040823, 919597
2012040900, 898274
2012040901, 892042
2012040902, 916252
2012040903, 863310
2012040904, 883520
2012040905, 806705
2012040906, 774963
2012040907, 718942
2012040908, 731659
2012040909, 780145
2012040910, 841030
2012040911, 821120
2012040912, 901856
2012040913, 608677
2012040914, 29733
2012040915, 26066
2012040916, 25211
2012040917, 29212
2012040918, 26663
2012040919, 24617
2012040920, 27066
2012040921, 35579
2012040922, 26560
2012040923, 26636
2012041000, 25484
2012041001, 26689
2012041002, 26671
2012041003, 29339
2012041004, 24662
2012041005, 22396
2012041006, 20404
2012041007, 22071
2012041008, 20821
2012041009, 19892
2012041010, 20942
2012041011, 21864
2012041012, 25674
2012041013, 25857
2012041014, 26447
2012041015, 24058
2012041016, 27926
2012041017, 28946
2012041018, 25136
2012041019, 25586
2012041020, 25618
2012041021, 26190
2012041022, 25912
2012041023, 28412
2012041100, 25139
2012041101, 26825
2012041102, 25947
2012041103, 26418
2012041104, 24075
2012041105, 22146
2012041106, 21830
2012041107, 19561
2012041108, 20761
2012041109, 22633
2012041110, 22418
2012041111, 23713
2012041112, 22405
2012041113, 24316
2012041114, 27614
2012041115, 27236
2012041116, 26118
2012041117, 30909
2012041118, 25462
2012041119, 26725
2012041120, 28348
2012041121, 32300
2012041122, 27777
2012041123, 26214
2012041200, 26465
2012041201, 26087
2012041202, 26695
2012041203, 26342
2012041204, 24881
2012041205, 25229
2012041206, 19966
2012041207, 19214
2012041208, 20555
2012041209, 20304
2012041210, 916443
2012041211, 1135098
2012041212, 1102654
2012041213, 1152028
2012041214, 1162030
2012041215, 979424
2012041216, 1052856
2012041217, 1075105
2012041218, 1065135
2012041219, 937932
2012041220, 1044740
2012041221, 1017953
2012041222, 980786
2012041223, 1007312
2012041300, 956036
2012041301, 945214
2012041302, 1003624
2012041303, 985258
2012041304, 1004687
2012041305, 911248
2012041306, 785629
2012041307, 795392
2012041308, 787475
2012041309, 857031
2012041310, 988568
2012041311, 998562
2012041312, 1101565
2012041313, 1069148
2012041314, 894920
2012041315, 1000411
2012041316, 1014689
2012041317, 980045
2012041318, 951855
2012041319, 950624
2012041320, 925580
2012041321, 1066051
2012041322, 979672
2012041323, 976977
2012041400, 1020730
2012041401, 953848
2012041402, 919896
2012041403, 906730
2012041404, 996081
2012041405, 909723
2012041406, 929839
2012041407, 858901
2012041408, 838216
2012041409, 854996
2012041410, 816152
2012041411, 816185
2012041412, 1057220
2012041413, 973434
2012041414, 1083798
2012041415, 1049492
2012041416, 1032173
2012041417, 886396
2012041418, 1096383
2012041419, 1113806
2012041420, 971039
2012041421, 950966
2012041422, 994390
2012041423, 1035190
2012041500, 1005979
2012041501, 1022062
2012041502, 1011079
2012041503, 956442
2012041504, 982451
2012041505, 948378
2012041506, 1014168
2012041507, 924009
2012041508, 893478
2012041509, 874935
2012041510, 792365
2012041511, 899790
2012041512, 967491
2012041513, 1019053
2012041514, 1000069
2012041515, 1074610
2012041516, 1093527
2012041517, 1057508
2012041518, 999253
2012041519, 955759
2012041520, 954461
2012041521, 907893
2012041522, 844357
2012041523, 903795
2012041600, 986005
2012041601, 934221
2012041602, 977407
2012041603, 811866
2012041604, 939952
2012041605, 985671
2012041606, 859767
2012041607, 764380
2012041608, 744047
2012041609, 801602
2012041610, 954912
2012041611, 1149252
2012041612, 1121558
2012041613, 1002033
2012041614, 936813
2012041615, 987381
2012041616, 864164
2012041617, 976829
2012041618, 886075
2012041619, 935909
2012041620, 914247
2012041621, 888693
2012041622, 935544
2012041623, 913067
2012041700, 884201
2012041701, 911957
2012041702, 890172
2012041703, 832706
2012041704, 876796
2012041705, 916883
2012041706, 829881
2012041707, 617970
2012041708, 734518
2012041709, 779404
2012041710, 906564
2012041711, 1095734
2012041712, 903111
2012041713, 768872
2012041714, 880533
2012041715, 1140499
2012041716, 1080953
2012041717, 1142634
2012041718, 1089575
2012041719, 996996
2012041720, 988104
2012041721, 934622
2012041722, 958134
2012041723, 965519
2012041800, 895920
2012041801, 858877
2012041802, 949808
2012041803, 970961
2012041804, 992969
2012041805, 954432
2012041806, 815033
2012041807, 752516
2012041808, 672021
2012041809, 810866
2012041810, 978633
2012041811, 1057242
2012041812, 1002512
2012041813, 1195935
2012041814, 981246
2012041815, 936885
2012041816, 816624
2012041817, 958550
2012041818, 1026372
2012041819, 992697
2012041820, 936708
2012041821, 969107
2012041822, 955532
2012041823, 1011846
2012041900, 1085015
2012041901, 967525
2012041902, 886811
2012041903, 961026
2012041904, 971168
2012041905, 957124
2012041906, 822743
2012041907, 758952
2012041908, 742740
2012041909, 806844
2012041910, 938574
2012041911, 1133952
2012041912, 1198671
2012041913, 1311518
2012041914, 1324057
2012041915, 1312287
2012041916, 1126245
2012041917, 1159648
2012041918, 1227920
2012041919, 1217255
2012041920, 1126653
2012041921, 1137972
2012041922, 1149132
2012041923, 1100023
2012042000, 1103873
2012042001, 1127622
2012042002, 1093041
2012042003, 1173738
2012042004, 1087300
2012042005, 974992
2012042006, 863665
2012042007, 796463
2012042008, 764187
2012042009, 819017
2012042010, 958806
2012042011, 1185783
2012042012, 1074834
2012042013, 1140971
2012042014, 1179572
2012042015, 1021675
2012042016, 1207402
2012042017, 972619
2012042018, 1153797
2012042019, 1094135
2012042020, 1120135
2012042021, 1077000
2012042022, 1119831
2012042023, 1055632
2012042100, 1027342
2012042101, 1096514
2012042102, 1089754
2012042103, 1063051
2012042104, 1139194
2012042105, 1026839
2012042106, 894082
2012042107, 842520
2012042108, 829820
2012042109, 864018
2012042110, 856266
2012042111, 1038020
2012042112, 1151533
2012042113, 1113640
2012042114, 1127779
2012042115, 1110783
2012042116, 1175793
2012042117, 1190408
2012042118, 1086892
2012042119, 1011573
2012042120, 1109092
2012042121, 1079761
2012042122, 1041222
2012042123, 1121589
2012042200, 1092891
2012042201, 1116316
2012042202, 1142043
2012042203, 1055890
2012042204, 926838
2012042205, 978407
2012042206, 984087
2012042207, 819732
2012042208, 801597
2012042209, 888591
2012042210, 964756
2012042211, 1033055
2012042212, 1115836
2012042213, 1037566
2012042214, 1002567
2012042215, 1073527
2012042216, 1159421
2012042217, 1093024
2012042218, 1114884
2012042219, 1114029
2012042220, 1094903
2012042221, 1009257
2012042222, 1136687
2012042223, 1075293
2012042300, 1055941
2012042301, 1117890
2012042302, 1089950
2012042303, 997115
2012042304, 1125567
2012042305, 1004643
2012042306, 771368
2012042307, 768251
2012042308, 757847
2012042309, 817049
2012042310, 880016
2012042311, 1167678
2012042312, 1176791
2012042313, 1284905
2012042314, 1355665
2012042315, 1204250
2012042316, 1181230
2012042317, 1163947
2012042318, 1155838
2012042319, 1171683
2012042320, 1064957
2012042321, 1072370
2012042322, 1045999
2012042323, 1079417
2012042400, 1087053
2012042401, 1058032
2012042402, 1036716
2012042403, 1029007
2012042404, 1049450
2012042405, 980389
2012042406, 840273
2012042407, 758412
2012042408, 751987
2012042409, 821574
2012042410, 963299
2012042411, 1163431
2012042412, 1132394
2012042413, 1138231
2012042414, 1157183
2012042415, 1153288
2012042416, 1148379
2012042417, 1175329
2012042418, 1188669
2012042419, 1237828
2012042420, 1190271
2012042421, 1093795
2012042422, 1139553
2012042423, 1124919
2012042500, 1129734
2012042501, 1087337
2012042502, 1033161
2012042503, 1057939
2012042504, 1078574
2012042505, 970483
2012042506, 850083
2012042507, 783103
2012042508, 760741
2012042509, 828215
2012042510, 977018
2012042511, 1125445
2012042512, 1211517
2012042513, 1147242
2012042514, 1188441
2012042515, 1213235
2012042516, 1135259
2012042517, 1174534
2012042518, 1198707
2012042519, 1160040
2012042520, 1142280
2012042521, 1112312
2012042522, 1099602
2012042523, 1114496
2012042600, 1078703
2012042601, 1099189
2012042602, 1171851
2012042603, 1111233
2012042604, 1134756
2012042605, 980379
2012042606, 848933
2012042607, 699883
2012042608, 774584
2012042609, 833524
2012042610, 971076
2012042611, 1177580
2012042612, 1175946
2012042613, 1322885
2012042614, 1258561
2012042615, 1147498
2012042616, 1188229
2012042617, 1331848
2012042618, 1303098
2012042619, 1290602
2012042620, 1181184
2012042621, 1076744
2012042622, 1043534
2012042623, 1218111
2012042700, 1134685
2012042701, 1062329
2012042702, 1085271
2012042703, 1123077
2012042704, 1115763
2012042705, 980359
2012042706, 871910
2012042707, 744265
2012042708, 791392
2012042709, 838798
2012042710, 990357
2012042711, 1102806
2012042712, 1257374
2012042713, 1446708
2012042714, 1338007
2012042715, 1353469
2012042716, 1285136
2012042717, 1307921
2012042718, 1303227
2012042719, 1281557
2012042720, 1308863
2012042721, 1342093
2012042809, 8732
2012042810, 909697
2012042811, 1036723
2012042812, 1232483
2012042813, 1319447
2012042814, 1210174
2012042815, 1236520
2012042816, 1257078
2012042817, 1209094
2012042818, 1284239
2012042819, 1229083
2012042820, 1339814
2012042821, 1318780
2012042822, 1300497
2012042823, 1320036
2012042900, 1309572
2012042901, 1344835
2012042902, 1224518
2012042903, 1248867
2012042904, 1259938
2012042905, 1131300
2012042906, 988912
2012042907, 893082
2012042908, 878118
2012042909, 885530
2012042910, 1002473
2012042911, 1079182
2012042912, 1256606
2012042913, 1269657
2012042914, 1301970
2012042915, 1229410
2012042916, 1257765
2012042917, 1332904
2012042918, 1286264
2012042919, 1415621
2012042920, 1321298
2012042921, 1238205
2012042922, 1273386
2012042923, 1245351
2012043000, 1266573
2012043001, 1209225
2012043002, 1309496
2012043003, 1192686
2012043004, 1387080
2012043005, 1074764
2012043006, 922421
2012043007, 829183
2012043008, 817789
2012043009, 858015
2012043010, 977620
2012043011, 1171291
2012043012, 1330656
2012043013, 1517125
2012043014, 1267218
2012043015, 1275197
2012043016, 1365807
2012043017, 1333069
2012043018, 1289664
2012043019, 1377621
2012043020, 1209406
2012043021, 1278902
2012043022, 1400684
2012043023, 1322196
2012050100, 1333795
2012050101, 1346911
2012050102, 1337954
2012050103, 1311388
2012050104, 1199060
2012050105, 1073849
2012050106, 897252
2012050107, 811710
2012050108, 632211
2012050109, 790852
2012050110, 997722
2012050111, 1191044
2012050112, 1345160
2012050113, 1399162
2012050114, 1389671
2012050115, 1321209
2012050116, 1345186
2012050117, 1311348
2012050118, 1379525
2012050119, 1184446
2012050120, 1369903
2012050121, 1183989
2012050122, 1343774
2012050123, 1235372
2012050200, 1223733
2012050201, 1402045
2012050202, 1340569
2012050203, 1393725
2012050204, 1237756
2012050205, 989094
2012050206, 841959
2012050207, 793708
2012050208, 786579
2012050209, 854698
2012050210, 1005277
2012050211, 1192155
2012050212, 1341758
2012050213, 1498607
2012050214, 1502857
2012050215, 1304020
2012050216, 1294122
2012050217, 1313170
2012050218, 1328130
2012050219, 1174425
2012050220, 664573
2012050221, 428840
2012050305, 440255
2012050306, 886175
2012050307, 736901
2012050308, 802253
2012050309, 847464
2012050310, 979831
2012050311, 1185436
2012050312, 1317559
2012050313, 1301292
2012050314, 1225380
2012050315, 1284763
2012050316, 1329964
2012050317, 1320179
2012050318, 1314916
2012050319, 1353714
2012050320, 1339295
2012050321, 1218856
2012050322, 1282447
2012050323, 1372115
2012050400, 1339811
2012050401, 1183223
2012050402, 1203917
2012050403, 1257651
2012050404, 1188680
2012050405, 983708
2012050406, 902292
2012050407, 853572
2012050408, 834677
2012050409, 880316
2012050410, 1016486
2012050411, 1223020
2012050412, 1395871
2012050413, 1551528
2012050414, 1363684
2012050415, 1506092
2012050416, 1312835
2012050417, 1417383
2012050418, 1237004
2012050419, 1327806
2012050420, 1356133
2012050421, 1339487
2012050422, 1372785
2012050423, 1304094
2012050500, 1386897
2012050501, 1321783
2012050502, 1200900
2012050503, 1325720
2012050504, 1296651
2012050505, 1081449
2012050506, 923707
2012050507, 862778
2012050508, 862738
2012050509, 918169
2012050510, 980059
2012050511, 1101508
2012050512, 1301118
2012050513, 1293109
2012050514, 977996
2012050515, 1288494
2012050516, 1244578
2012050517, 1143421
2012050518, 1071001
2012050519, 1164346
2012050520, 1338503
2012050521, 1329826
2012050522, 1325037
2012050523, 1101547
2012050600, 1172029
2012050601, 1137509
2012050602, 1119157
2012050603, 1063030
2012050604, 1181059
2012050605, 1114967
2012050606, 952270
2012050607, 944678
2012050608, 909602
2012050609, 926412
2012050610, 997621
2012050611, 1122856
2012050612, 1182225
2012050613, 1103633
2012050614, 1266048
2012050615, 1184153
2012050616, 1227821
2012050617, 1153401
2012050618, 1112160
2012050619, 1182080
2012050620, 1104764
2012050621, 1061013
2012050622, 1151283
2012050623, 1088227
2012050700, 1049721
2012050701, 1144191
2012050702, 1116945
2012050703, 1121425
2012050704, 1075583
2012050705, 1014704
2012050706, 838090
2012050707, 774956
2012050708, 790401
2012050709, 863671
2012050710, 1025869
2012050711, 1001016
2012050712, 1114560
2012050713, 1044321
2012050714, 1026351
2012050715, 1124735
2012050716, 1189305
2012050717, 1202329
2012050718, 1277324
2012050719, 1244882
2012050720, 1141608
2012050721, 1065611
2012050722, 1165163
2012050723, 1079629
2012050800, 1167031
2012050801, 1156496
2012050802, 1168152
2012050803, 1068395
2012050804, 1090463
2012050805, 969033
2012050806, 818091
2012050807, 750540
2012050808, 745753
2012050809, 834384
2012050810, 983244
2012050811, 1190798
2012050812, 1363170
2012050813, 1403032
2012050814, 1149200
2012050815, 1202562
2012050816, 1274485
2012050817, 1277747
2012050818, 1358449
2012050819, 1330407
2012050820, 1313964
2012050821, 1234469
2012050822, 1245879
2012050823, 1317080
2012050900, 1283785
2012050901, 1235688
2012050902, 1274329
2012050903, 1207395
2012050904, 1206448
2012050905, 1038711
2012050906, 849398
2012050907, 779520
2012050908, 766489
2012050909, 831018
2012050910, 984622
2012050911, 1197562
2012050912, 1314882
2012050913, 1302085
2012050914, 1255768
2012050915, 1273761
2012050916, 1345471
2012050917, 1185024
2012050918, 1321180
2012050919, 1369185
2012050920, 1237095
2012050921, 1289443
2012050922, 1316107
2012050923, 1330469
2012051000, 1271226
2012051001, 1313862
2012051002, 1281281
2012051003, 1182341
2012051004, 1159127
2012051005, 1007102
2012051006, 857550
2012051007, 782169
2012051008, 763149
2012051009, 819059
2012051010, 966231
2012051011, 1164960
2012051012, 1365841
2012051013, 1530297
2012051014, 1234157
2012051015, 1290905
2012051016, 1138427
2012051017, 1231832
2012051018, 1316519
2012051019, 1327615
2012051020, 1299288
2012051021, 1220200
2012051022, 1365337
2012051023, 1471251
2012051100, 1379764
2012051101, 1288014
2012051102, 1312459
2012051103, 1399366
2012051104, 1228268
2012051105, 1006980
2012051106, 873302
2012051107, 811453
2012051108, 781399
2012051109, 853394
2012051110, 908046
2012051111, 1188597
2012051112, 1397626
2012051113, 1565922
2012051114, 1463647
2012051115, 1393647
2012051116, 1570423
2012051117, 1396115
2012051118, 1289471
2012051119, 1306667
2012051120, 1357568
2012051121, 1404456
2012051122, 1405131
2012051123, 1360044
2012051200, 1362787
2012051201, 1409786
2012051202, 1419031
2012051203, 1334858
2012051204, 1262274
2012051205, 1051312
2012051206, 907128
2012051207, 858607
2012051208, 853748
2012051209, 886224
2012051210, 933910
2012051211, 1066617
2012051212, 1261651
2012051213, 1392886
2012051214, 1309404
2012051215, 1331875
2012051216, 1287354
2012051217, 1456398
2012051218, 1438794
2012051219, 1346304
2012051220, 1336082
2012051221, 1296685
2012051222, 1161199
2012051223, 1282885
2012051300, 1113470
2012051301, 1132617
2012051302, 1260668
2012051303, 1193570
2012051304, 1252310
2012051305, 1224948
2012051306, 997122
2012051307, 911019
2012051308, 898552
2012051309, 927483
2012051310, 990582
2012051311, 1131060
2012051312, 1311760
2012051313, 1514693
2012051314, 1340138
2012051315, 1436031
2012051316, 1301398
2012051317, 1321799
2012051318, 1261606
2012051319, 1304107
2012051320, 1263529
2012051321, 1336136
2012051322, 1206959
2012051323, 1239684
2012051400, 1272621
2012051401, 1210830
2012051402, 1182188
2012051403, 1196423
2012051404, 1141516
2012051405, 996894
2012051406, 808144
2012051407, 783060
2012051408, 778640
2012051409, 843654
2012051410, 991018
2012051411, 1180476
2012051412, 1347037
2012051413, 1420085
2012051414, 1158435
2012051415, 1320705
2012051416, 1324459
2012051417, 1253154
2012051418, 1343595
2012051419, 1313509
2012051420, 1112919
2012051421, 1269342
2012051422, 1343025
2012051423, 1251109
2012051500, 1341084
2012051501, 1291216
2012051502, 1233518
2012051503, 1266381
2012051504, 1202381
2012051505, 1004998
2012051506, 870950
2012051507, 809243
2012051508, 794104
2012051509, 864668
2012051510, 1001595
2012051511, 1200114
2012051512, 1328702
2012051513, 1420538
2012051514, 1155264
2012051515, 1216818
2012051516, 1162282
2012051517, 1163743
2012051518, 1176231
2012051519, 1135074
2012051520, 1190521
2012051521, 1203312
2012051522, 1252779
2012051523, 1205611
2012051600, 1190859
2012051601, 1178064
2012051602, 1199268
2012051603, 1099306
2012051604, 1140359
2012051605, 1027210
2012051606, 881331
2012051607, 807388
2012051608, 794377
2012051609, 868128
2012051610, 999687
2012051611, 1217663
2012051612, 1415948
2012051613, 1215857
2012051614, 1272815
2012051615, 1143161
2012051616, 1187016
2012051617, 1188377
2012051618, 1169008
2012051619, 1181709
2012051620, 1166885
2012051621, 1128598
2012051622, 1132723
2012051623, 1182132
2012051700, 1120185
2012051701, 1103395
2012051702, 1181721
2012051703, 1084091
2012051704, 1119483
2012051705, 1006600
2012051706, 881459
2012051707, 829836
2012051708, 825939
2012051709, 894683
2012051710, 1030634
2012051711, 1234482
2012051712, 1406136
2012051713, 1393405
2012051714, 1274587
2012051715, 1349082
2012051716, 1351456
2012051717, 1274424
2012051718, 1239494
2012051719, 1363028
2012051720, 1270344
2012051721, 1199149
2012051722, 1170882
2012051723, 1171487
2012051800, 1263986
2012051801, 1195201
2012051802, 1153653
2012051803, 1204662
2012051804, 1095881
2012051805, 997121
2012051806, 907466
2012051807, 862879
2012051808, 889581
2012051809, 929634
2012051810, 1066095
2012051811, 1165873
2012051812, 1166992
2012051813, 1158488
2012051814, 1162346
2012051815, 1216174
2012051816, 1201977
2012051817, 1150658
2012051818, 1238795
2012051819, 1203600
2012051820, 1381118
2012051821, 1332135
2012051822, 1155509
2012051823, 1211754
2012051900, 1271114
2012051901, 1261478
2012051902, 1151333
2012051903, 1194827
2012051904, 1174217
2012051905, 1138687
2012051906, 890945
2012051907, 885878
2012051908, 903559
2012051909, 939976
2012051910, 997792
2012051911, 1135708
2012051912, 1271250
2012051913, 1200331
2012051914, 1191149
2012051915, 1240160
2012051916, 1210921
2012051917, 1265246
2012051918, 1319249
2012051919, 1329989
2012051920, 1239768
2012051921, 1259558
2012051922, 1201900
2012051923, 1200797
2012052000, 1254413
2012052001, 1373458
2012052002, 1347909
2012052003, 1182921
2012052004, 1214947
2012052005, 1187667
2012052006, 1014660
2012052007, 934201
2012052008, 924832
2012052009, 954142
2012052010, 1024442
2012052011, 1142315
2012052012, 1279688
2012052013, 1312938
2012052014, 1247320
2012052015, 1217538
2012052016, 1221451
2012052017, 1372755
2012052018, 1168190
2012052019, 1316131
2012052020, 1259231
2012052021, 1320714
2012052022, 1226800
2012052023, 1276537
2012052100, 1262334
2012052101, 1289249
2012052102, 1402222
2012052103, 1277970
2012052104, 1255370
2012052105, 1087034
2012052106, 910621
2012052107, 833009
2012052108, 812305
2012052109, 882552
2012052110, 1027992
2012052111, 1212273
2012052112, 1366301
2012052113, 1453184
2012052114, 1358073
2012052115, 1326068
2012052116, 1413730
2012052117, 1325210
2012052118, 1229723
2012052119, 1382087
2012052120, 1292790
2012052121, 1326715
2012052122, 1316890
2012052123, 1329668
2012052200, 1291424
2012052201, 1345551
2012052202, 1318880
2012052203, 1259940
2012052204, 1301910
2012052205, 1051399
2012052206, 901461
2012052207, 838757
2012052208, 836997
2012052209, 902172
2012052210, 1042154
2012052211, 1229886
2012052212, 1413172
2012052213, 1581446
2012052214, 1698990
2012052215, 1639695
2012052216, 1393635
2012052217, 1319461
2012052218, 1397804
2012052219, 1425333
2012052220, 1412045
2012052221, 1408406
2012052222, 1398664
2012052223, 1324425
2012052300, 1388929
2012052301, 1468294
2012052302, 1396989
2012052303, 1361724
2012052304, 1304536
2012052305, 1081595
2012052306, 928185
2012052307, 843982
2012052308, 820436
2012052309, 888448
2012052310, 1066350
2012052311, 1259576
2012052312, 1417444
2012052313, 1583899
2012052314, 1543786
2012052315, 1512502
2012052316, 1567278
2012052317, 1438048
2012052318, 1383737
2012052319, 1450721
2012052320, 1541183
2012052321, 1593107
2012052322, 1569889
2012052323, 1529605
2012052400, 1640130
2012052401, 1545571
2012052402, 1389311
2012052403, 1413311
2012052404, 1284259
2012052405, 1111646
2012052406, 923923
2012052407, 835879
2012052408, 807901
2012052409, 868830
2012052410, 1009458
2012052411, 1202380
2012052412, 1408336
2012052413, 1597824
2012052414, 1526927
2012052415, 1526733
2012052416, 1478458
2012052417, 1365537
2012052418, 1220770
2012052419, 1267416
2012052420, 1506658
2012052421, 1405949
2012052422, 1512430
2012052423, 1479558
2012052500, 1504410
2012052501, 1504932
2012052502, 1514704
2012052503, 1391174
2012052504, 1297799
2012052505, 1113785
2012052506, 993143
2012052507, 896258
2012052508, 855431
2012052509, 909684
2012052510, 1031064
2012052511, 1228579
2012052512, 1404551
2012052513, 1596970
2012052514, 1404126
2012052515, 1599571
2012052516, 1648702
2012052517, 1499730
2012052518, 1372964
2012052519, 1356327
2012052520, 1441953
2012052521, 1443917
2012052522, 1442367
2012052523, 1383693
2012052600, 1402577
2012052601, 1465557
2012052602, 1530784
2012052603, 1507411
2012052604, 1337365
2012052605, 1138086
2012052606, 977835
2012052607, 908641
2012052608, 889528
2012052609, 910871
2012052610, 960439
2012052611, 1093781
2012052612, 1290290
2012052613, 1504235
2012052614, 1697800
2012052615, 1754681
2012052616, 1669910
2012052617, 1519635
2012052618, 1408798
2012052619, 1470994
2012052620, 1547861
2012052621, 1465466
2012052622, 1433719
2012052623, 1334093
2012052700, 1319336
2012052701, 1405503
2012052702, 1542836
2012052703, 1514042
2012052704, 1399694
2012052705, 1208293
2012052706, 1055677
2012052707, 963571
2012052708, 864728
2012052709, 942844
2012052710, 1008760
2012052711, 1131125
2012052712, 1268026
2012052713, 1485685
2012052714, 1426418
2012052715, 1405685
2012052716, 1449642
2012052717, 1478080
2012052718, 1459524
2012052719, 1437909
2012052720, 1451747
2012052721, 1409102
2012052722, 1306351
2012052723, 1312167
2012052800, 1356796
2012052801, 1380073
2012052802, 1270064
2012052803, 1319877
2012052804, 1359967
2012052805, 1205971
2012052806, 1042006
2012052807, 943601
2012052808, 906347
2012052809, 938852
2012052810, 1020422
2012052811, 1146628
2012052812, 1317288
2012052813, 1540773
2012052814, 1695666
2012052815, 1747119
2012052816, 1758410
2012052817, 1600353
2012052818, 1464237
2012052819, 1482755
2012052820, 1537890
2012052821, 1586391
2012052822, 1563695
2012052823, 1507552
2012052900, 1572220
2012052901, 1728907
2012052902, 1762241
2012052903, 1703125
2012052904, 1403929
2012052905, 1164512
2012052906, 1008729
2012052907, 929369
2012052908, 882101
2012052909, 924259
2012052910, 1035690
2012052911, 1223920
2012052912, 1394038
2012052913, 1582161
2012052914, 1696585
2012052915, 1715811
2012052916, 1602999
2012052917, 1474951
2012052918, 1417659
2012052919, 318482
2012052920, 1241410
2012052921, 1556292
2012052922, 1605919
2012052923, 1595448
2012053000, 1658440
2012053001, 1796455
2012053002, 1699984
2012053003, 1595311
2012053004, 1370277
2012053005, 1140577
2012053006, 967078
2012053007, 889382
2012053008, 710000
2012053009, 893179
2012053010, 1044672
2012053011, 1204675
2012053012, 1383356
2012053013, 1584232
2012053014, 1623566
2012053015, 1570577
2012053016, 1494954
2012053017, 1447340
2012053018, 1442482
2012053019, 1475822
2012053020, 1528566
2012053021, 1566611
2012053022, 1589330
2012053023, 1588463
2012053100, 1685753
2012053101, 1440503
2012053102, 1470953
2012053103, 1592661
2012053104, 1409876
2012053105, 1172658
2012053106, 994146
2012053107, 898217
2012053108, 860741
2012053109, 900013
2012053110, 1047792
2012053111, 1214163
2012053112, 1398100
2012053113, 1584052
2012053114, 1455758
2012053115, 1390285
2012053116, 1442104
2012053117, 1468324
2012053118, 1460271
2012053119, 1488567
2012053120, 1446748
2012053121, 1478341
2012053122, 1578551
2012053123, 1512952
2012060100, 1510653
2012060101, 1564371
2012060102, 1682389
2012060103, 1557518
2012060104, 1378515
2012060105, 1184901
2012060106, 1041128
2012060107, 944801
2012060108, 931574
2012060109, 966313
2012060110, 1080924
2012060111, 1276360
2012060112, 1416167
2012060113, 1640233
2012060114, 1611526
2012060115, 1494052
2012060116, 1528692
2012060117, 1484022
2012060118, 1447500
2012060119, 1417379
2012060120, 1464952
2012060121, 1488063
2012060122, 1497400
2012060123, 1482359
2012060200, 1474979
2012060201, 1569062
2012060202, 1624948
2012060203, 1720718
2012060204, 1505810
2012060205, 1196691
2012060206, 1029096
2012060207, 959049
2012060208, 960294
2012060209, 975856
2012060210, 1006027
2012060211, 1126010
2012060212, 1279382
2012060213, 1444431
2012060214, 1481905
2012060215, 1503004
2012060216, 1542899
2012060217, 1540893
2012060218, 1476922
2012060219, 1402921
2012060220, 1373288
2012060221, 1340046
2012060222, 1352469
2012060223, 1367715
2012060300, 1404028
2012060301, 1449411
2012060302, 1444047
2012060303, 1467742
2012060304, 1470168
2012060305, 1274571
2012060306, 1088668
2012060307, 997822
2012060308, 978124
2012060309, 988930
2012060310, 1073551
2012060311, 1200480
2012060312, 1376857
2012060313, 1427403
2012060314, 1386218
2012060315, 1357816
2012060316, 1344058
2012060317, 1440738
2012060318, 1371853
2012060319, 1362990
2012060320, 1332063
2012060321, 1342198
2012060322, 1295489
2012060323, 1227270
2012060400, 1364863
2012060401, 1398799
2012060402, 1331325
2012060403, 1207282
2012060404, 1322914
2012060405, 1206310
2012060406, 1054090
2012060407, 947017
2012060408, 886323
2012060409, 939486
2012060410, 1095141
2012060411, 1298366
2012060412, 1428408
2012060413, 1609337
2012060414, 1602266
2012060415, 1319862
2012060416, 1455766
2012060417, 1414653
2012060418, 1362527
2012060419, 1403832
2012060420, 1377437
2012060421, 1386556
2012060422, 1390215
2012060423, 1283479
2012060500, 1321996
2012060501, 1402851
2012060502, 1212212
2012060503, 1314238
2012060504, 1361665
2012060505, 1187214
2012060506, 1000158
2012060507, 885710
2012060508, 880432
2012060509, 945498
2012060510, 1085251
2012060511, 1251362
2012060512, 1451434
2012060513, 1506316
2012060514, 1350468
2012060515, 1138206
2012060516, 1309986
2012060517, 1365470
2012060518, 1281055
2012060519, 1288834
2012060520, 1298608
2012060521, 1247279
2012060522, 1268349
2012060523, 1309258
2012060600, 1246512
2012060601, 1245650
2012060602, 1219766
2012060603, 1233830
2012060604, 1338723
2012060605, 1214806
2012060606, 1026557
2012060607, 927659
2012060608, 905334
2012060609, 972941
2012060610, 1153683
2012060611, 1402511
2012060612, 1535544
2012060613, 1588940
2012060614, 1460646
2012060615, 1329463
2012060616, 1390150
2012060617, 1349461
2012060618, 1284800
2012060619, 1292492
2012060620, 1310896
2012060621, 1328313
2012060622, 1326065
2012060623, 1325471
2012060700, 1306196
2012060701, 1289431
2012060702, 1338729
2012060703, 1316901
2012060704, 1383772
2012060705, 1241029
2012060706, 1067911
2012060707, 951076
2012060708, 910024
2012060709, 946967
2012060710, 1090871
2012060711, 1259275
2012060712, 1446711
2012060713, 1415052
2012060714, 1365899
2012060715, 1482226
2012060716, 1420501
2012060717, 1379135
2012060718, 1315109
2012060719, 1323742
2012060720, 1391390
2012060721, 1318990
2012060722, 1426086
2012060723, 1369016
2012060800, 1344291
2012060801, 1358773
2012060802, 1388210
2012060803, 1415715
2012060804, 1425049
2012060805, 1275221
2012060806, 1096660
2012060807, 980829
2012060808, 938765
2012060809, 996875
2012060810, 1141415
2012060811, 1333602
2012060812, 1491593
2012060813, 1653032
2012060814, 1501699
2012060815, 1446184
2012060816, 1443413
2012060817, 1490602
2012060818, 1469750
2012060819, 1496015
2012060820, 1522004
2012060821, 1509135
2012060822, 1203628
2012060823, 1401980
2012060900, 1435055
2012060901, 1484469
2012060902, 1366468
2012060903, 1407423
2012060904, 1416695
2012060905, 1254597
2012060906, 1081344
2012060907, 1003065
2012060908, 958195
2012060909, 973992
2012060910, 1030958
2012060911, 1165337
2012060912, 1349238
2012060913, 1473153
2012060914, 1488838
2012060915, 1425841
2012060916, 1543906
2012060917, 1523665
2012060918, 1479103
2012060919, 1500102
2012060920, 1532103
2012060921, 1410865
2012060922, 1395689
2012060923, 1414212
2012061000, 1475744
2012061001, 1486640
2012061002, 1425982
2012061003, 1409799
2012061004, 1408939
2012061005, 1348658
2012061006, 1176302
2012061007, 1046758
2012061008, 1007021
2012061009, 1017085
2012061010, 1082615
2012061011, 1188222
2012061012, 1351442
2012061013, 1455996
2012061014, 1512240
2012061015, 1540064
2012061016, 1577014
2012061017, 1516879
2012061018, 1559603
2012061019, 1503749
2012061020, 1515664
2012061021, 1556156
2012061022, 1570380
2012061023, 1525420
2012061100, 1461726
2012061101, 1498396
2012061102, 1448315
2012061103, 1403341
2012061104, 1392930
2012061105, 1266519
2012061106, 1075583
2012061107, 961275
2012061108, 910809
2012061109, 955162
2012061110, 1074164
2012061111, 1243178
2012061112, 1437712
2012061113, 1495008
2012061114, 1395803
2012061115, 1440883
2012061116, 1405107
2012061117, 1429693
2012061118, 1418456
2012061119, 1376148
2012061120, 1401262
2012061121, 1390383
2012061122, 1405466
2012061123, 1373680
2012061200, 1447229
2012061201, 1408238
2012061202, 1412658
2012061203, 1413132
2012061204, 1378654
2012061205, 1304255
2012061206, 1116899
2012061207, 968026
2012061208, 902776
2012061209, 962290
2012061210, 1087798
2012061211, 1124677
2012061212, 1303399
2012061213, 1516871
2012061214, 1378516
2012061215, 1430206
2012061216, 1480106
2012061217, 1525060
2012061218, 1454608
2012061219, 1473495
2012061220, 1442931
2012061221, 1471075
2012061222, 1460263
2012061223, 1496522
2012061300, 1367856
2012061301, 1460808
2012061302, 1451164
2012061303, 1443786
2012061304, 1463542
2012061305, 1265428
2012061306, 1090274
2012061307, 967280
2012061308, 908824
2012061309, 936180
2012061310, 1059714
2012061311, 1222794
2012061312, 1421548
2012061313, 1524402
2012061314, 1451982
2012061315, 1402393
2012061316, 1441712
2012061317, 1443299
2012061318, 1356081
2012061319, 1483474
2012061320, 1454404
2012061321, 1314318
2012061322, 1433749
2012061323, 1415912
2012061400, 1477874
2012061401, 1362223
2012061402, 1408854
2012061403, 1363579
2012061404, 1379452
2012061405, 1282939
2012061406, 1098037
2012061407, 983400
2012061408, 919969
2012061409, 947390
2012061410, 1054863
2012061411, 1199948
2012061412, 1423330
2012061413, 1573494
2012061414, 1273587
2012061415, 1406717
2012061416, 1443033
2012061417, 1431326
2012061418, 1381083
2012061419, 1461281
2012061420, 1346020
2012061421, 1327766
2012061422, 1281043
2012061423, 1379167
2012061500, 1400169
2012061501, 1446313
2012061502, 1344978
2012061503, 1381504
2012061504, 1346940
2012061505, 1259747
2012061506, 909876
2012061507, 994774
2012061508, 928595
2012061509, 960197
2012061510, 1051592
2012061511, 1215668
2012061512, 1405551
2012061513, 1525503
2012061514, 1328362
2012061515, 1344553
2012061516, 1312145
2012061517, 1393980
2012061518, 1402313
2012061519, 1337424
2012061520, 1326930
2012061521, 1304468
2012061522, 1376519
2012061523, 1337373
2012061600, 1338842
2012061601, 1422166
2012061602, 1366668
2012061603, 1330951
2012061604, 1424884
2012061605, 1329352
2012061606, 1158185
2012061607, 1056184
2012061608, 1003444
2012061609, 1010477
2012061610, 1056847
2012061611, 1208265
2012061612, 1400549
2012061613, 1485507
2012061614, 1439462
2012061615, 1426960
2012061616, 1459158
2012061617, 1430095
2012061618, 1477646
2012061619, 1370373
2012061620, 1392149
2012061621, 1360848
2012061622, 1360027
2012061623, 1344062
2012061700, 1347383
2012061701, 1436598
2012061702, 1312704
2012061703, 1333867
2012061704, 1308596
2012061705, 1257146
2012061706, 1155424
2012061707, 1065020
2012061708, 1005712
2012061709, 1021672
2012061710, 1070804
2012061711, 1173040
2012061712, 1338862
2012061713, 1464571
2012061714, 1442076
2012061715, 1366011
2012061716, 1414103
2012061717, 1414978
2012061718, 1515237
2012061719, 1495691
2012061720, 1425870
2012061721, 1473972
2012061722, 1327882
2012061723, 1355709
2012061800, 1453750
2012061801, 1332316
2012061802, 1325638
2012061803, 1335494
2012061804, 1344259
2012061805, 1309153
2012061806, 1135258
2012061807, 1001106
2012061808, 974882
2012061809, 1002918
2012061810, 1072557
2012061811, 1212603
2012061812, 1263751
2012061813, 1519518
2012061814, 1332574
2012061815, 1431902
2012061816, 1443212
2012061817, 1439278
2012061818, 1386690
2012061819, 1395156
2012061820, 1415433
2012061821, 1440661
2012061822, 1399059
2012061823, 1460136
2012061900, 1440389
2012061901, 1430567
2012061902, 1424259
2012061903, 1385445
2012061904, 1493666
2012061905, 1365391
2012061906, 1207660
2012061907, 1133781
2012061908, 1007629
2012061909, 1013551
2012061910, 1105010
2012061911, 1279241
2012061912, 1416226
2012061913, 1260667
2012061914, 1455558
2012061915, 1479295
2012061916, 1524558
2012061917, 1433410
2012061918, 1583267
2012061919, 1603343
2012061920, 1581401
2012061921, 1486743
2012061922, 1505356
2012061923, 1551075
2012062000, 1545919
2012062001, 1451656
2012062002, 1456284
2012062003, 1503894
2012062004, 1463737
2012062005, 1410729
2012062006, 1192353
2012062007, 1027931
2012062008, 957793
2012062009, 983101
2012062010, 1089425
2012062011, 1241756
2012062012, 1438144
2012062013, 1653101
2012062014, 1544169
2012062015, 1452146
2012062016, 1528895
2012062017, 1438750
2012062018, 1440118
2012062019, 1530702
2012062020, 1446203
2012062021, 1429979
2012062022, 1569015
2012062023, 1398395
2012062100, 1423501
2012062101, 1527271
2012062102, 1436366
2012062103, 1487318
2012062104, 1503686
2012062105, 1366868
2012062106, 1184919
2012062107, 1044677
2012062108, 976983
2012062109, 1004882
2012062110, 1081118
2012062111, 1228356
2012062112, 1463225
2012062113, 1641158
2012062114, 1370554
2012062115, 1329439
2012062116, 91255
2012062117, 867246
2012062118, 973530
2012062119, 1509676
2012062120, 1448149
2012062121, 1415433
2012062122, 1419048
2012062123, 1396873
2012062200, 1407100
2012062201, 1419144
2012062202, 1391662
2012062203, 1380854
2012062204, 1439406
2012062205, 1349937
2012062206, 1190020
2012062207, 1071175
2012062208, 997299
2012062209, 1023236
2012062210, 1099587
2012062211, 1274135
2012062212, 1276410
2012062213, 1565099
2012062214, 1385585
2012062215, 1462316
2012062216, 1450232
2012062217, 1492199
2012062218, 1536833
2012062219, 1553674
2012062220, 1566032
2012062221, 1437282
2012062222, 1425810
2012062223, 1506955
2012062300, 1558098
2012062301, 1514122
2012062302, 1461310
2012062303, 1595649
2012062304, 1487010
2012062305, 1373134
2012062306, 1180725
2012062307, 1069345
2012062308, 1000937
2012062309, 991041
2012062310, 1019293
2012062311, 1123480
2012062312, 1314916
2012062313, 1532340
2012062314, 1730454
2012062315, 1567836
2012062316, 1565825
2012062317, 1618144
2012062318, 1446871
2012062319, 1480714
2012062320, 1479784
2012062321, 1403713
2012062322, 1382326
2012062323, 1378246
2012062400, 1369240
2012062401, 1472779
2012062402, 1563627
2012062403, 1522549
2012062404, 1468817
2012062405, 1389027
2012062406, 1204347
2012062407, 1081334
2012062408, 1021297
2012062409, 1004795
2012062410, 1048869
2012062411, 1159383
2012062412, 1329831
2012062413, 1585796
2012062414, 1565909
2012062415, 1538956
2012062416, 1550615
2012062417, 1602438
2012062418, 1619026
2012062419, 1603392
2012062420, 1578246
2012062421, 1515247
2012062422, 1527940
2012062423, 1444230
2012062500, 1521892
2012062501, 1539249
2012062502, 1471773
2012062503, 1451433
2012062504, 1472462
2012062505, 1364248
2012062506, 1155013
2012062507, 1027546
2012062508, 962855
2012062509, 978723
2012062510, 1059082
2012062511, 1210314
2012062512, 1309600
2012062513, 1614137
2012062514, 1722432
2012062515, 1818666
2012062516, 1727116
2012062517, 1613489
2012062518, 1535124
2012062519, 1549281
2012062520, 1584386
2012062521, 1656334
2012062522, 1696546
2012062523, 1638770
2012062600, 1716322
2012062601, 1745934
2012062602, 1733240
2012062603, 1578609
2012062604, 1633132
2012062605, 1261927
2012062606, 1194852
2012062607, 1056999
2012062608, 984071
2012062609, 1006655
2012062610, 1078344
2012062611, 1220588
2012062612, 1442155
2012062613, 1668368
2012062614, 1501350
2012062615, 1509571
2012062616, 1435432
2012062617, 1572970
2012062618, 1501640
2012062619, 1536586
2012062620, 1584344
2012062621, 1640215
